aid-jp6-4670ca0c,RuckusAP,2024/03/21 21:26:55
aid-jp6-e0af18c2,WAP_240B-2,2024/03/21 20:54:10
,RuckusAP,2024/03/21 21:30:11
aid-jp6-c08e63d6,RuckusAP,2024/03/21 20:45:12
aid-jp6-240ae4db,RuckusAP,2024/03/21 20:34:58
aid-jp6-dfd83e3b,RuckusAP,2024/03/21 21:50:30
aid-jp6-8d1dedf4,WAP2_Central Control Rm,2024/03/15 16:29:40
aid-jp6-56914694,WAP27_60 Bed-3,2024/03/21 20:49:45
aid-jp6-070299d2,WAP21_120B-1,2024/03/21 21:16:57
aid-jp6-e099a05a,Roll Call,2024/03/20 23:46:55
aid-jp6-c8663f5a,WAP_240C-2,2024/03/21 18:55:47
aid-jp6-f7e6a40a,RuckusAP,2024/03/21 21:17:11
aid-jp6-8ee616a3,WAP_240C-1,2024/03/21 21:23:47
aid-jp6-6d4c1853,WAP37_Infirmary,2024/03/21 15:05:35
aid-jp6-41f360fa,WAP_240B-3,2024/03/21 18:32:14
aid-jp6-26c0472f,RuckusAP,2024/03/21 19:07:08
aid-jp6-e149c144,RuckusAP,2024/03/21 16:43:25
,WAP_240A-2,2024/03/21 20:41:40
aid-jp6-a860ebae,WAP22_120B-2,2024/03/21 21:22:34
aid-jp6-13d26a29,RuckusAP,2024/03/21 21:12:56
aid-jp6-4e6c1fc5,WAP15_240D-3,2024/03/21 20:51:08
aid-jp6-28131166,WAP_240B-3,2024/03/21 20:50:51
,WAP_240C-2,2024/03/21 21:54:16
,WAP1_Hall,2024/03/21 18:37:44
,WAP22_120B-2,2024/03/21 21:48:13
,WAP37_Infirmary,2024/03/21 4:29:46
aid-jp6-3b42ddf1,WAP27_60 Bed-3,2024/03/21 21:51:54
aid-jp6-464e4a1e,80 Upper U-AP1,2024/03/21 19:25:49
,WAP27_60 Bed-3,2024/03/21 21:52:53
aid-jp6-f17d496e,WAP31_80 Lower 2,2024/03/21 18:59:30
aid-jp6-c8a080b5,WAP31_80 Lower 2,2024/03/21 20:59:38
,WAP27_60 Bed-3,2024/03/21 21:09:19
aid-jp6-06adffea,WAP15_240D-3,2024/03/21 21:03:15
aid-jp6-ff298e76,WAP31_80 Lower 2,2024/03/21 15:42:55
aid-jp6-53b6f8f1,WAP13_240D-1,2024/03/21 16:17:56
aid-jp6-683a4f32,WAP_240A-2,2024/03/21 21:29:31
,80 Upper U-AP1,2024/03/21 15:49:34
,Roll Call,2024/03/21 7:07:39
aid-jp6-9c25422f,WAP28_60 Bed-4,2024/03/21 17:43:29
aid-jp6-80c0a740,WAP27_60 Bed-3,2024/03/21 21:17:35
,WAP_240C-3,2024/03/21 21:33:11
aid-jp6-a846dfcf,WAP31_80 Lower 1,2024/03/21 15:10:27
aid-jp6-91a632fa,RuckusAP,2024/03/21 21:11:54
aid-jp6-3484451e,WAP31_80 Lower 2,2024/03/21 18:10:13
aid-jp6-96995943,Roll Call,2024/03/21 20:18:03
aid-jp6-59b8e307,WAP31_80 Lower 2,2024/03/21 7:32:48
aid-jp6-5fdcd3d8,WAP36_FHU,2024/03/21 18:29:33
aid-jp6-a0c8de54,WAP_240B-1,2024/03/21 19:11:40
aid-jp6-b6528a8e,WAP_240C-1,2024/03/21 21:31:31
aid-jp6-4b33d34f,WAP28_60 Bed-4,2024/03/21 21:21:38
,WAP27_60 Bed-3,2024/03/21 14:46:45
aid-jp6-45aee675,WAP28_60 Bed-4,2024/03/21 14:15:47
aid-jp6-41dd3b73,WAP27_60 Bed-3,2024/03/21 14:03:27
aid-jp6-1e86bc04,RuckusAP,2024/03/21 20:35:58
,WAP2_Central Control Rm,2024/03/20 14:45:48
aid-jp6-b78db5ef,WAP27_60 Bed-3,2024/03/21 21:48:34
aid-jp6-175765b0,80 Upper U-AP1,2024/03/21 21:56:35
aid-jp6-d8919229,RuckusAP,2024/03/21 20:51:20
aid-jp6-5c01cb2a,WAP_240C-2,2024/03/21 21:08:25
aid-jp6-6c87e494,RuckusAP,2024/03/21 20:57:49
aid-jp6-04b5618c,WAP_240B-3,2024/03/21 20:24:33
aid-jp6-32f26dc5,WAP27_60 Bed-3,2024/03/21 19:36:40
aid-jp6-a65a61db,Roll Call,2024/03/21 15:41:55
aid-jp6-cd4c93e1,RuckusAP,2024/03/20 21:35:44
aid-jp6-a0eae9f1,WAP22_120B-2,2024/03/21 21:01:02
aid-jp6-41c15853,WAP22_120B-2,2024/03/21 19:13:42
,WAP27_60 Bed-3,2024/03/21 20:57:18
aid-jp6-c590f9ff,Roll Call,2024/03/21 21:50:59
aid-jp6-8fccdabc,WAP_240C-3,2024/03/21 21:31:41
aid-jp6-9999f28b,WAP37_Infirmary,2024/03/21 18:34:13
aid-jp6-b3adedbe,RuckusAP,2024/03/21 16:29:58
aid-jp6-2f43ed46,WAP22_120B-2,2024/03/21 20:20:15
aid-jp6-3ea9d385,WAP_240C-2,2024/03/21 19:55:07
aid-jp6-8dbdca9d,WAP31_80 Lower 2,2024/03/21 19:29:59
aid-jp6-95f4cd57,RuckusAP,2024/03/21 20:01:55
aid-jp6-e472cccf,WAP22_120B-2,2024/03/21 20:46:36
aid-jp6-cb739dff,WAP22_120B-2,2024/03/21 18:54:05
aid-jp6-99697a4c,WAP_240A-2,2024/03/21 21:26:25
aid-jp6-7cc5a461,WAP31_80 Lower 2,2024/03/21 18:14:14
aid-jp6-d44a492b,WAP31_80 Lower 2,2024/03/21 17:02:19
aid-jp6-de3a3ba4,Roll Call,2024/03/21 21:47:31
aid-jp6-510ca599,WAP21_120B-1,2024/03/21 21:34:10
aid-jp6-04b17878,WAP_240A-1,2024/03/21 21:00:48
aid-jp6-cc60082a,WAP_240C-2,2024/03/21 20:22:45
aid-jp6-ab81c651,WAP27_60 Bed-3,2024/03/21 21:55:28
aid-jp6-375b12cc,WAP22_120B-2,2024/03/21 21:00:33
aid-jp6-458cc841,WAP31_80 Lower 2,2024/03/21 6:08:07
aid-jp6-ae4aa6f5,WAP36_FHU,2024/03/21 21:55:16
aid-jp6-a7119f04,WAP22_120B-2,2024/03/21 19:46:52
aid-jp6-66a31be4,WAP27_60 Bed-3,2024/03/21 21:23:49
aid-jp6-b1f119ad,80 Upper U-AP1,2024/03/21 8:01:17
aid-jp6-91a64732,WAP31_80 Lower 1,2024/03/20 23:09:53
aid-jp6-250f187e,WAP31_80 Lower 2,2024/03/21 18:56:02
aid-jp6-fa90d9e7,WAP21_120B-1,2024/03/21 21:22:19
aid-jp6-4f0cb734,WAP_240C-2,2024/03/21 21:13:52
,WAP31_80 Lower 2,2024/03/21 20:12:34
,WAP22_120B-2,2024/03/21 20:44:00
,WAP1_Hall,2024/03/21 13:53:14
aid-jp6-bf5f718b,Roll Call,2024/03/21 8:31:41
aid-jp6-7f739d12,WAP_240B-1,2024/03/21 21:21:53
aid-jp6-fccb42e2,WAP_240C-2,2024/03/21 20:09:58
aid-jp6-f581c25b,WAP13_240D-1,2024/03/21 21:02:45
aid-jp6-c41f199a,WAP28_60 Bed-4,2024/03/21 20:10:24
aid-jp6-46f7c5ce,RuckusAP,2024/03/21 21:38:45
aid-jp6-0d767c5e,WAP27_60 Bed-3,2024/03/21 21:49:09
aid-jp6-5bb94153,WAP37_Infirmary,2024/03/21 21:32:55
aid-jp6-deb399bd,WAP28_60 Bed-4,2024/03/21 21:23:46
,WAP15_240D-3,2024/03/21 21:20:02
aid-jp6-3b438b53,WAP1_Hall,2024/03/21 21:54:28
aid-jp6-2d45c8d8,WAP_240C-1,2024/03/21 21:15:08
aid-jp6-553979ff,WAP_240A-1,2024/03/21 21:30:38
aid-jp6-1bbd54d9,WAP_240A-2,2024/03/21 19:08:13
aid-jp6-4366f483,WAP22_120B-2,2024/03/21 18:51:39
aid-jp6-c64a890c,WAP31_80 Lower 2,2024/03/21 18:36:12
aid-jp6-8755ff45,WAP31_80 Lower 2,2024/03/21 21:17:58
,WAP_240C-2,2024/03/21 21:01:47
aid-jp6-bbbae953,WAP22_120B-2,2024/03/21 19:06:10
,WAP13_240D-1,2024/03/21 15:13:32
aid-jp6-d4c6dd0b,WAP27_60 Bed-3,2024/03/21 17:57:37
,WAP31_80 Lower 1,2024/03/21 19:23:31
aid-jp6-655aa69f,Roll Call,2024/03/21 8:13:29
aid-jp6-43458d62,WAP_240A-2,2024/03/21 21:18:10
aid-jp6-2ab520ea,WAP37_Infirmary,2024/03/20 19:22:56
,RuckusAP,2024/03/21 16:29:03
aid-jp6-46406ca2,Roll Call,2024/03/21 17:44:13
aid-jp6-a69ddbca,WAP31_80 Lower 2,2024/03/21 18:12:02
aid-jp6-8e2a1408,WAP_240A-1,2024/03/21 21:19:28
aid-jp6-53ec5cb4,80 Upper U-AP1,2024/03/20 23:40:33
aid-jp6-a92b58ad,WAP_240C-2,2024/03/21 20:35:12
,WAP22_120B-2,2024/03/21 20:18:13
aid-jp6-08bde14a,Roll Call,2024/03/21 7:09:45
aid-jp6-8637592d,WAP28_60 Bed-4,2024/03/21 21:25:28
aid-jp6-cb2dab7e,WAP27_60 Bed-3,2024/03/21 21:17:46
,WAP36_FHU,2024/03/21 6:00:48
aid-jp6-c28c3496,WAP27_60 Bed-3,2024/03/21 5:18:17
aid-jp6-fc60aa91,WAP_240A-1,2024/03/21 21:25:30
aid-jp6-09cf75c6,80Upper UAP2,2024/03/21 20:17:15
aid-jp6-e27db225,WAP28_60 Bed-4,2024/03/21 19:31:07
aid-jp6-6459ddc7,80 Upper U-AP1,2024/03/21 19:22:45
aid-jp6-71f01375,80 Upper U-AP1,2024/03/21 21:31:16
aid-jp6-c8d316aa,WAP27_60 Bed-3,2024/03/21 21:30:14
aid-jp6-65f3ac1f,WAP21_120B-1,2024/03/21 21:28:21
aid-jp6-c35b1b1d,WAP13_240D-1,2024/03/21 19:52:23
aid-jp6-a165b036,WAP_240C-2,2024/03/21 19:39:50
aid-jp6-6687c0ea,80 Upper U-AP1,2024/03/21 18:12:13
aid-jp6-f377e52f,WAP22_120B-2,2024/03/21 20:17:06
aid-jp6-9e7df83f,WAP_240B-3,2024/03/21 19:32:52
aid-jp6-b0cd41e9,WAP27_60 Bed-3,2024/03/21 20:11:53
aid-jp6-e5c46c98,WAP13_240D-1,2024/03/21 16:32:39
aid-jp6-03d6a099,WAP_240A-1,2024/03/21 20:52:41
aid-jp6-ac4d1091,80 Upper U-AP1,2024/03/19 23:14:00
aid-jp6-d171e64b,WAP31_80 Lower 2,2024/03/21 19:45:21
aid-jp6-ab6dfb5c,80 Upper U-AP1,
aid-jp6-ce4b61f0,RuckusAP,
,WAP31_80 Lower 2,
aid-jp6-233e2a47,WAP28_60 Bed-4,
aid-jp6-72ccf111,WAP22_120B-2,
aid-jp6-3fe48e4b,WAP_240C-2,
aid-jp6-ca4973d0,80 Upper U-AP1,
aid-jp6-75da21b1,WAP_240A-3,
,WAP22_120B-2,
aid-jp6-4bf87993,WAP36_FHU,
aid-jp6-1a323fce,WAP21_120B-1,
aid-jp6-b3d967af,WAP37_Infirmary,
aid-jp6-c4d3e8ee,WAP31_80 Lower 2,
aid-jp6-0219c6d1,WAP27_60 Bed-3,
aid-jp6-fb24edc3,WAP_240A-3,
aid-jp6-846a7985,WAP28_60 Bed-4,
aid-jp6-a8b69aa5,WAP21_120B-1,
aid-jp6-adbc208a,80 Upper U-AP1,
aid-jp6-c15631f4,RuckusAP,
aid-jp6-6e63141c,RuckusAP,
aid-jp6-392753ac,80 Upper U-AP1,
,WAP_240B-3,
aid-jp6-01027d9a,RuckusAP,
aid-jp6-00e976c6,WAP27_60 Bed-3,
aid-jp6-1fbdfbb8,WAP_240A-1,
aid-jp6-b2fbf962,RuckusAP,
aid-jp6-73374665,80 Upper U-AP1,
aid-jp6-f885e4b8,80 Upper U-AP1,
aid-jp6-1174d678,RuckusAP,
aid-jp6-13f260fe,WAP27_60 Bed-3,
aid-jp6-04546f33,WAP_240A-1,
aid-jp6-bf97b947,,
,,
aid-jp6-0e27f7d4,,
aid-jp6-789269e5,,
aid-jp6-a206aa4d,,
aid-jp6-510f77f0,,
aid-jp6-b606ff4f,,
aid-jp6-b3c2c404,,
aid-jp6-b8fbfcd5,,
,,
aid-jp6-31847000,,
aid-jp6-d45683e3,,
aid-jp6-9f671f3f,,
aid-jp6-5fed295c,,
aid-jp6-6c36f1fc,,
aid-jp6-c5b37e1a,,
aid-jp6-8382fa50,,
aid-jp6-2c34686f,,
aid-jp6-ecedea24,,
aid-jp6-9646d699,,
aid-jp6-fa6e9738,,
aid-jp6-4f6dd990,,
,,
aid-jp6-4f05452b,,
aid-jp6-657c4e89,,
aid-jp6-6b72afd8,,
aid-jp6-d8e616cf,,
aid-jp6-3f3a9c4d,,
aid-jp6-852b19bf,,
aid-jp6-da2b4508,,
aid-jp6-1ff3fa3a,,
aid-jp6-908729a9,,
,,
aid-jp6-1f08ed1a,,
aid-jp6-d6dd84c0,,
aid-jp6-b417fbf1,,
aid-jp6-a9a21d3a,,
aid-jp6-a74ae6dd,,
aid-jp6-b77c52e7,,
aid-jp6-ddbeeae2,,
aid-jp6-e29fa8b4,,
aid-jp6-8e1c1fdd,,
aid-jp6-e526aa8c,,
aid-jp6-68f9edae,,
aid-jp6-50642108,,
aid-jp6-27bf177e,,
aid-jp6-7b9066ff,,
aid-jp6-ae71aecd,,
aid-jp6-aa4d726b,,
aid-jp6-a019f525,,
aid-jp6-17968f3d,,
aid-jp6-15f516f1,,
,,
aid-jp6-74cba53a,,
,,
aid-jp6-6ec79c8b,,
aid-jp6-8dda16d7,,
aid-jp6-e4a9b679,,
aid-jp6-7c40c2d0,,
aid-jp6-6aa04479,,
aid-jp6-e0ff26a0,,
aid-jp6-a4f9b9df,,
aid-jp6-43be88de,,
aid-jp6-24874d01,,
aid-jp6-670b52ce,,
aid-jp6-cf31cc58,,
,,
aid-jp6-16860b94,,
aid-jp6-9f1abcc7,,
aid-jp6-00668d3d,,
aid-jp6-31f9d3f8,,
,,
aid-jp6-ef9eb01b,,
aid-jp6-4e4079cc,,
aid-jp6-cab863e0,,
aid-jp6-d1573ee5,,
aid-jp6-0ea51fd1,,
aid-jp6-f19ca8bf,,
aid-jp6-a004e002,,
aid-jp6-7d1f28c8,,
aid-jp6-8efdc3f1,,
,,
,,
aid-jp6-3f621015,,
aid-jp6-909660aa,,
,,
aid-jp6-ce81c924,,
aid-jp6-64fa2f73,,
aid-jp6-059209a0,,
,,
aid-jp6-8879b0ca,,
aid-jp6-a231f195,,
aid-jp6-b092874d,,
aid-jp6-66243f0e,,
aid-jp6-15bede50,,
aid-jp6-3e3f6def,,
aid-jp6-f290a402,,
,,
aid-jp6-687a0371,,
aid-jp6-1fb93953,,
aid-jp6-a38a27e7,,
aid-jp6-610ce507,,
aid-jp6-36658080,,
,,
aid-jp6-4b5ad9a5,,
aid-jp6-0050ed8e,,
aid-jp6-002000b5,,
aid-jp6-1b7760b4,,
aid-jp6-eba4feed,,
aid-jp6-d123b1b8,,
aid-jp6-e910154e,,
,,
aid-jp6-c995e53e,,
aid-jp6-e85ab578,,
aid-jp6-6c63f76d,,
,,
aid-jp6-db13dcef,,
aid-jp6-87d5ab76,,
aid-jp6-530489d4,,
aid-jp6-30aa0659,,
aid-jp6-3b1fb7d5,,
aid-jp6-731b7a39,,
aid-jp6-57ff44a1,,
aid-jp6-a53a527d,,
aid-jp6-1300048b,,
aid-jp6-bc7add73,,
aid-jp6-d123296d,,
aid-jp6-ff6f299f,,
aid-jp6-27e9792e,,
aid-jp6-e133c91d,,
aid-jp6-fdeb9049,,